{
    "manifest_version": 3,
    "name": "Pomodoro Focus Timer",
    "description": "A Minimalist Pomodoro Timer",
    "version": "0.9",
    "background": {
        "service_worker": "scripts/background/bgLoader.js"
    },
    "permissions": [
        "storage",
        "notifications",
        "offscreen"
    ],
    "action": {
        "default_popup": "html/index.html"
    },
    "icons": {
        "32": "assets/icons/32.png",
        "48": "assets/icons/48.png",
        "96": "assets/icons/96.png",
        "128": "assets/icons/128.png"
    },
    "web_accessible_resources": [
        {
            "resources": [],
            "matches": [
                "<all_urls>"
            ]
        }
    ]
}